{"properties": [
  {
    "name": "jwtSecret",
    "type": "java.lang.String",
    "description": "A description for 'jwtSecret'"
  },
  {
    "name": "jwtExpiration",
    "type": "java.lang.String",
    "description": "A description for 'jwtExpiration'"
  },
  {
    "name": "spring.queries.users-query",
    "type": "java.lang.String",
    "description": "A description for 'spring.queries.users-query'"
  },
  {
    "name": "spring.queries.roles-query",
    "type": "java.lang.String",
    "description": "A description for 'spring.queries.roles-query'"
  },
  {
    "name": "spring.mail.properties.mail.smtp",
    "type": "java.lang.String",
    "description": "A description for 'spring.mail.properties.mail.smtp'"
  }
]}